locus_tag	offset	sequence	target	gene
PA14_29750	27	GCATCAGCGCCCAGCGCCAG	CTGGCGCTGGGCGCTGATGC	PA14_29750
PA14_29750	52	CCCAACAGGAACACCAGCAC	GTGCTGGTGTTCCTGTTGGG	PA14_29750
PA14_34170	21	CTACCGGGAGCGAGCGACAC	GTGTCGCTCGCTCCCGGTAG	PA14_34170
PA14_34170	44	ACTCGGCGCGGCCGGGAAAG	CTTTCCCGGCCGCGCCGAGT	PA14_34170
PA14_54430	9	CAGTTGCTGATCCTGTTCCT	AGGAACAGGATCAGCAACTG	algU
PA14_54430	88	TCAATCCCAGTATCTTGTGC	GCACAAGATACTGGGATTGA	algU
PA14_41360	0	CGTGTTGTAGATCTGCAGCA	TGCTGCAGATCTACAACACG	cysS
PA14_39810	24	CGAGGATCGGCGAGGGAATC	GATTCCCTCGCCGATCCTCG	PA14_39810
PA14_39810	72	CGGTGCAGCCGCTGTCCTGC	GCAGGACAGCGGCTGCACCG	PA14_39810
