locus_tag	gene_name	type	condition	medLFC	FDR	gene_name_stylized
RS06960	ispD	knockdown	mouse_plated_10x_inoculum_dilution - inoculum_pellet_t0	-5.59403684957814	1.95477211952876e-11	italic('ispD')
RS24690	rpmA	knockdown	mouse_plated_10x_inoculum_dilution - inoculum_pellet_t0	-11.4682649814196	2.29746286337705e-09	italic('rpmA')
RS09495	orfN	knockdown	mouse_plated_10x_inoculum_dilution - inoculum_pellet_t0	-3.23956947272045	1.47055924703263e-08	italic('orfN')
RS29505	yihA	knockdown	mouse_plated_10x_inoculum_dilution - inoculum_pellet_t0	-6.32228617070146	2.22732834312002e-07	italic('yihA')
RS06850	tsf	knockdown	mouse_plated_10x_inoculum_dilution - inoculum_pellet_t0	-8.37005634407262	4.28601141174908e-07	italic('tsf')
RS25575	panB	knockdown	mouse_plated_10x_inoculum_dilution - inoculum_pellet_t0	-8.34388655921745	9.44262789358238e-07	italic('panB')
RS23240	groL	knockdown	mouse_plated_10x_inoculum_dilution - inoculum_pellet_t0	-7.79285237281571	1.65223298790489e-06	italic('groL')
RS25225	lolB	knockdown	mouse_plated_10x_inoculum_dilution - inoculum_pellet_t0	-8.13874771428857	1.88682620333881e-06	italic('lolB')
RS21190	purN	knockdown	mouse_plated_10x_inoculum_dilution - inoculum_pellet_t0	-8.11341203505739	3.206283419617e-06	italic('purN')
RS12275	purB	knockdown	mouse_plated_10x_inoculum_dilution - inoculum_pellet_t0	-13.2141538863981	3.249118335582e-06	italic('purB')
RS16640	rnhA	knockdown	mouse_plated_10x_inoculum_dilution - inoculum_pellet_t0	-5.98334420484994	5.53502469892012e-06	italic('rnhA')
RS12290	mnmA	knockdown	mouse_plated_10x_inoculum_dilution - inoculum_pellet_t0	-9.19037739790663	6.41073857824188e-06	italic('mnmA')
RS04630	nusB	knockdown	mouse_plated_10x_inoculum_dilution - inoculum_pellet_t0	-9.8715458109695	6.53493838190755e-06	italic('nusB')
RS25215	hemA	knockdown	mouse_plated_10x_inoculum_dilution - inoculum_pellet_t0	-4.75044297503642	7.24322411600047e-06	italic('hemA')
RS27320	hisE	knockdown	mouse_plated_10x_inoculum_dilution - inoculum_pellet_t0	-3.13154128893026	7.2836111041416e-06	italic('hisE')
RS10235	gapA	knockdown	mouse_plated_10x_inoculum_dilution - inoculum_pellet_t0	-3.81458314755283	7.91957319341273e-06	italic('gapA')
RS21185	purM	knockdown	mouse_plated_10x_inoculum_dilution - inoculum_pellet_t0	-11.1829151947782	8.15837226579519e-06	italic('purM')
RS04655	ribA	knockdown	mouse_plated_10x_inoculum_dilution - inoculum_pellet_t0	-7.22240917491887	1.03801521557207e-05	italic('ribA')
RS25210	prfA	knockdown	mouse_plated_10x_inoculum_dilution - inoculum_pellet_t0	-10.1006906376154	1.12931490277806e-05	italic('prfA')
RS04795	ubiX	knockdown	mouse_plated_10x_inoculum_dilution - inoculum_pellet_t0	-5.09910350989998	1.1980631900529e-05	italic('ubiX')
RS27015	.	knockdown	mouse_plated_10x_inoculum_dilution - inoculum_pellet_t0	-11.8546456137593	1.36894045037042e-05	bold('RS27015')
RS06305	purL	knockdown	mouse_plated_10x_inoculum_dilution - inoculum_pellet_t0	-13.4349886036915	1.92198898832304e-05	italic('purL')
RS06935	tilS	knockdown	mouse_plated_10x_inoculum_dilution - inoculum_pellet_t0	-5.70265777576946	1.94048382264445e-05	italic('tilS')
RS05855	suhB	knockdown	mouse_plated_10x_inoculum_dilution - inoculum_pellet_t0	-7.41879234036953	2.26486559781626e-05	italic('suhB')
RS03475	birA	knockdown	mouse_plated_10x_inoculum_dilution - inoculum_pellet_t0	-5.17824735444798	2.28750589110614e-05	italic('birA')
RS25200	moeB	knockdown	mouse_plated_10x_inoculum_dilution - inoculum_pellet_t0	-5.04380533152484	2.63048836528914e-05	italic('moeB')
RS25590	pgi	knockdown	mouse_plated_10x_inoculum_dilution - inoculum_pellet_t0	-8.58029700135247	2.66694709605583e-05	italic('pgi')
RS00110	tsaC	knockdown	mouse_plated_10x_inoculum_dilution - inoculum_pellet_t0	-4.24908012483014	2.7815176902854e-05	italic('tsaC')
RS25765	omlA	knockdown	mouse_plated_10x_inoculum_dilution - inoculum_pellet_t0	-7.87373017454052	2.92025240896045e-05	italic('omlA')
RS28495	rep	knockdown	mouse_plated_10x_inoculum_dilution - inoculum_pellet_t0	-4.37758415925429	3.05514252370085e-05	italic('rep')
RS09690	purF	knockdown	mouse_plated_10x_inoculum_dilution - inoculum_pellet_t0	-10.9361830238219	3.41054225482606e-05	italic('purF')
RS25195	murI	knockdown	mouse_plated_10x_inoculum_dilution - inoculum_pellet_t0	-4.47075740940048	3.42252775401239e-05	italic('murI')
RS10360	murB	knockdown	mouse_plated_10x_inoculum_dilution - inoculum_pellet_t0	-7.40155596588978	3.44092035806134e-05	italic('murB')
RS05885	iscA	knockdown	mouse_plated_10x_inoculum_dilution - inoculum_pellet_t0	-5.89515589065945	3.59086152477467e-05	italic('iscA')
RS27335	tatC	knockdown	mouse_plated_10x_inoculum_dilution - inoculum_pellet_t0	-6.40190132537987	3.70569523310947e-05	italic('tatC')
RS23730	gatA	knockdown	mouse_plated_10x_inoculum_dilution - inoculum_pellet_t0	-11.4639388433782	4.40164067216593e-05	italic('gatA')
RS28205	trxA	knockdown	mouse_plated_10x_inoculum_dilution - inoculum_pellet_t0	-6.52057301782463	6.07124173162656e-05	italic('trxA')
RS23610	lptC	knockdown	mouse_plated_10x_inoculum_dilution - inoculum_pellet_t0	-11.0125468906888	8.92338731442509e-05	italic('lptC')
RS10420	fabF	knockdown	mouse_plated_10x_inoculum_dilution - inoculum_pellet_t0	-3.53609175923669	0.000115738737731166	italic('fabF')
RS26240	purD	knockdown	mouse_plated_10x_inoculum_dilution - inoculum_pellet_t0	-9.15285137211472	0.000130401211478749	italic('purD')
RS05930	ispG	knockdown	mouse_plated_10x_inoculum_dilution - inoculum_pellet_t0	-8.8653296529172	0.000137598822981579	italic('ispG')
RS23715	mreC	knockdown	mouse_plated_10x_inoculum_dilution - inoculum_pellet_t0	-5.69527432693956	0.000145445117487097	italic('mreC')
RS27810	rfbD	knockdown	mouse_plated_10x_inoculum_dilution - inoculum_pellet_t0	-4.60921063533713	0.000146233419260314	italic('rfbD')
RS22170	ygfZ	knockdown	mouse_plated_10x_inoculum_dilution - inoculum_pellet_t0	-5.4865496876047	0.00014630092994979	italic('ygfZ')
RS25685	glmM	knockdown	mouse_plated_10x_inoculum_dilution - inoculum_pellet_t0	-8.41888318991361	0.000157505477694608	italic('glmM')
RS09445	rpsA	knockdown	mouse_plated_10x_inoculum_dilution - inoculum_pellet_t0	-8.00055795009765	0.000166706489937204	italic('rpsA')
RS16635	dnaQ	knockdown	mouse_plated_10x_inoculum_dilution - inoculum_pellet_t0	-5.90302979492293	0.000167996136923115	italic('dnaQ')
RS07645	dcd	knockdown	mouse_plated_10x_inoculum_dilution - inoculum_pellet_t0	-6.8411765115926	0.000188371158679768	italic('dcd')
RS27040	waaC	knockdown	mouse_plated_10x_inoculum_dilution - inoculum_pellet_t0	-3.36823773242459	0.000209429363409509	italic('waaC')
RS02875	epd	knockdown	mouse_plated_10x_inoculum_dilution - inoculum_pellet_t0	-5.41577745660807	0.000224496924037952	italic('epd')
RS07635	metG	knockdown	mouse_plated_10x_inoculum_dilution - inoculum_pellet_t0	-5.29369042768171	0.000225643592539018	italic('metG')
RS06700	tsaB	knockdown	mouse_plated_10x_inoculum_dilution - inoculum_pellet_t0	-6.90756461365542	0.000287378683479169	italic('tsaB')
RS24575	comL	knockdown	mouse_plated_10x_inoculum_dilution - inoculum_pellet_t0	-9.4311798831581	0.000311668467136483	italic('comL')
RS24660	ribF	knockdown	mouse_plated_10x_inoculum_dilution - inoculum_pellet_t0	-8.69020840969101	0.000326758530164659	italic('ribF')
RS10405	fabD	knockdown	mouse_plated_10x_inoculum_dilution - inoculum_pellet_t0	-5.31490612983926	0.000344064532300202	italic('fabD')
RS05800	lptF	knockdown	mouse_plated_10x_inoculum_dilution - inoculum_pellet_t0	-6.70315676887305	0.000363558749376668	italic('lptF')
RS26670	purA	knockdown	mouse_plated_10x_inoculum_dilution - inoculum_pellet_t0	-3.8162646647269	0.00039035376069331	italic('purA')
RS28120	ubiH	knockdown	mouse_plated_10x_inoculum_dilution - inoculum_pellet_t0	-11.1049704825336	0.000390646125844332	italic('ubiH')
RS29165	purE	knockdown	mouse_plated_10x_inoculum_dilution - inoculum_pellet_t0	-5.45548152100662	0.000406708483104872	italic('purE')
RS09400	ubiG	knockdown	mouse_plated_10x_inoculum_dilution - inoculum_pellet_t0	-2.78003733170327	0.000487541348108897	italic('ubiG')
RS24685	cgtA	knockdown	mouse_plated_10x_inoculum_dilution - inoculum_pellet_t0	-9.82464007042236	0.000493479473665391	italic('cgtA')
RS03105	lptD	knockdown	mouse_plated_10x_inoculum_dilution - inoculum_pellet_t0	-6.32653327833812	0.000507021963410803	italic('lptD')
RS27805	rfbB	knockdown	mouse_plated_10x_inoculum_dilution - inoculum_pellet_t0	-2.74414785061217	0.000540213797569628	italic('rfbB')
RS12505	pgsA	knockdown	mouse_plated_10x_inoculum_dilution - inoculum_pellet_t0	-7.20197734608463	0.000607916788827233	italic('pgsA')
RS17860	lpdA	knockdown	mouse_plated_10x_inoculum_dilution - inoculum_pellet_t0	-9.69583850668479	0.000612017599228871	italic('lpdA')
RS10880	pyrF	knockdown	mouse_plated_10x_inoculum_dilution - inoculum_pellet_t0	-11.302305960488	0.000616539290569489	italic('pyrF')
RS20840	dapA	knockdown	mouse_plated_10x_inoculum_dilution - inoculum_pellet_t0	-5.71991199691554	0.000623235687389744	italic('dapA')
RS02130	pyrC	knockdown	mouse_plated_10x_inoculum_dilution - inoculum_pellet_t0	-5.84648940404946	0.000673953513020666	italic('pyrC')
RS27305	ubiJ	knockdown	mouse_plated_10x_inoculum_dilution - inoculum_pellet_t0	-11.0046536422114	0.000813871977513479	italic('ubiJ')
RS26645	rpsF	knockdown	mouse_plated_10x_inoculum_dilution - inoculum_pellet_t0	-12.5251114383889	0.000905320795625563	italic('rpsF')
RS20095	nrdB	knockdown	mouse_plated_10x_inoculum_dilution - inoculum_pellet_t0	-3.23904718500355	0.000953692382882485	italic('nrdB')
RS06925	dnaE	knockdown	mouse_plated_10x_inoculum_dilution - inoculum_pellet_t0	-10.5503443117242	0.00118441474631325	italic('dnaE')
RS13725	pvdE	knockdown	mouse_plated_10x_inoculum_dilution - inoculum_pellet_t0	-7.48590865387561	0.00119637492565236	italic('pvdE')
RS26570	nadE	knockdown	mouse_plated_10x_inoculum_dilution - inoculum_pellet_t0	-5.694952043387	0.00128567587947375	italic('nadE')
RS05900	fdx	knockdown	mouse_plated_10x_inoculum_dilution - inoculum_pellet_t0	-4.91247110991634	0.00131959910398019	italic('fdx')
RS09540	gltX	knockdown	mouse_plated_10x_inoculum_dilution - inoculum_pellet_t0	-8.20662088475399	0.00132090597889235	italic('gltX')
RS06945	kdsA	knockdown	mouse_plated_10x_inoculum_dilution - inoculum_pellet_t0	-10.4217136724657	0.00158625367578158	italic('kdsA')
RS06625	lysS	knockdown	mouse_plated_10x_inoculum_dilution - inoculum_pellet_t0	-7.14197358121441	0.00170023235182108	italic('lysS')
RS27030	rfaP	knockdown	mouse_plated_10x_inoculum_dilution - inoculum_pellet_t0	-7.15698245213736	0.00171081349308609	italic('rfaP')
RS03560	rpsG	knockdown	mouse_plated_10x_inoculum_dilution - inoculum_pellet_t0	-9.06664835154078	0.00180649741092466	italic('rpsG')
RS03535	rplJ	knockdown	mouse_plated_10x_inoculum_dilution - inoculum_pellet_t0	-15.7507095795381	0.00197104785788359	italic('rplJ')
RS28190	ubiD	knockdown	mouse_plated_10x_inoculum_dilution - inoculum_pellet_t0	-5.41530325824369	0.00207398697435177	italic('ubiD')
RS02850	metK	knockdown	mouse_plated_10x_inoculum_dilution - inoculum_pellet_t0	-7.07632593174221	0.002137882589077	italic('metK')
RS11670	infC	knockdown	mouse_plated_10x_inoculum_dilution - inoculum_pellet_t0	-7.63480685519193	0.0022994138649573	italic('infC')
RS03665	rpsE	knockdown	mouse_plated_10x_inoculum_dilution - inoculum_pellet_t0	-13.3129988901589	0.00242362899238243	italic('rpsE')
RS25720	carB	knockdown	mouse_plated_10x_inoculum_dilution - inoculum_pellet_t0	-4.38633585778934	0.00246394161362314	italic('carB')
RS22120	lepB	knockdown	mouse_plated_10x_inoculum_dilution - inoculum_pellet_t0	-8.16968848914737	0.00265132699097331	italic('lepB')
RS25085	mqo	knockdown	mouse_plated_10x_inoculum_dilution - inoculum_pellet_t0	-4.5415651289172	0.00322352452275545	italic('mqo')
RS23615	lptA	knockdown	mouse_plated_10x_inoculum_dilution - inoculum_pellet_t0	-6.68914296394506	0.00350369948857895	italic('lptA')
RS12350	lolA	knockdown	mouse_plated_10x_inoculum_dilution - inoculum_pellet_t0	-6.16976658324504	0.00354116537955908	italic('lolA')
RS06860	frr	knockdown	mouse_plated_10x_inoculum_dilution - inoculum_pellet_t0	-1.25747301934311	0.00381328932714643	italic('frr')
RS01685	serA	knockdown	mouse_plated_10x_inoculum_dilution - inoculum_pellet_t0	-11.7505054673423	0.0038329147275421	italic('serA')
RS26625	dnaB	knockdown	mouse_plated_10x_inoculum_dilution - inoculum_pellet_t0	-3.5274950743523	0.00441114008188235	italic('dnaB')
RS16770	folD	knockdown	mouse_plated_10x_inoculum_dilution - inoculum_pellet_t0	-6.61598782413703	0.00477434359717332	italic('folD')
RS02145	ruvX	knockdown	mouse_plated_10x_inoculum_dilution - inoculum_pellet_t0	-2.83787631185883	0.00498922391135672	italic('ruvX')
RS28665	pyrE	knockdown	mouse_plated_10x_inoculum_dilution - inoculum_pellet_t0	-2.39209628110472	0.00508707480302507	italic('pyrE')
RS03050	cca	knockdown	mouse_plated_10x_inoculum_dilution - inoculum_pellet_t0	-2.52612017034544	0.00542449283988159	italic('cca')
RS26845	thiC	knockdown	mouse_plated_10x_inoculum_dilution - inoculum_pellet_t0	-1.12234977057955	0.00556789746274213	italic('thiC')
RS05015	thiD	knockdown	mouse_plated_10x_inoculum_dilution - inoculum_pellet_t0	-12.7070263469834	0.00569472237850674	italic('thiD')
RS25650	infB	knockdown	mouse_plated_10x_inoculum_dilution - inoculum_pellet_t0	-3.88289680883981	0.00607911536911746	italic('infB')
RS06845	rpsB	knockdown	mouse_plated_10x_inoculum_dilution - inoculum_pellet_t0	-10.3076829397024	0.00648758996923015	italic('rpsB')
RS27575	glnA	knockdown	mouse_plated_10x_inoculum_dilution - inoculum_pellet_t0	-12.231779975481	0.00651699461334024	italic('glnA')
RS03680	secY	knockdown	mouse_plated_10x_inoculum_dilution - inoculum_pellet_t0	-14.6035833290783	0.00674856039510912	italic('secY')
RS24640	ispH	knockdown	mouse_plated_10x_inoculum_dilution - inoculum_pellet_t0	-4.40301561766974	0.00690398867892448	italic('ispH')
RS26235	purH	knockdown	mouse_plated_10x_inoculum_dilution - inoculum_pellet_t0	-6.93212758057896	0.00726353052243741	italic('purH')
RS27240	argS	knockdown	mouse_plated_10x_inoculum_dilution - inoculum_pellet_t0	-3.01051486533386	0.00788771762678601	italic('argS')
RS18425	ccmC	knockdown	mouse_plated_10x_inoculum_dilution - inoculum_pellet_t0	-6.19955605733297	0.00824654915619905	italic('ccmC')
RS23470	petA	knockdown	mouse_plated_10x_inoculum_dilution - inoculum_pellet_t0	-1.91909862060378	0.00861791143785348	italic('petA')
RS27300	ubiE	knockdown	mouse_plated_10x_inoculum_dilution - inoculum_pellet_t0	-13.3739606030844	0.00933730014419875	italic('ubiE')
RS06400	rimM	knockdown	mouse_plated_10x_inoculum_dilution - inoculum_pellet_t0	-8.82855894711448	0.00937241280799862	italic('rimM')
RS00030	gmhB	knockdown	mouse_plated_10x_inoculum_dilution - inoculum_pellet_t0	-3.15214129449302	0.00962533510533852	italic('gmhB')
RS12385	tusB	knockdown	mouse_plated_10x_inoculum_dilution - inoculum_pellet_t0	-3.74478569048667	0.00966051027032375	italic('tusB')
RS03010	rpoD	knockdown	mouse_plated_10x_inoculum_dilution - inoculum_pellet_t0	-13.2111718047627	0.0101291955784829	italic('rpoD')
RS26735	orn	knockdown	mouse_plated_10x_inoculum_dilution - inoculum_pellet_t0	-4.76950973048005	0.0106748532321104	italic('orn')
RS23330	secA	knockdown	mouse_plated_10x_inoculum_dilution - inoculum_pellet_t0	-8.31179267604814	0.0120013073523432	italic('secA')
RS02895	fba	knockdown	mouse_plated_10x_inoculum_dilution - inoculum_pellet_t0	-4.36203431347981	0.0127247247777192	italic('fba')
RS03655	rplF	knockdown	mouse_plated_10x_inoculum_dilution - inoculum_pellet_t0	-7.3520978647223	0.0127939640970874	italic('rplF')
RS22105	era	knockdown	mouse_plated_10x_inoculum_dilution - inoculum_pellet_t0	-2.28351527840125	0.0135537692365121	italic('era')
RS03700	rpsD	knockdown	mouse_plated_10x_inoculum_dilution - inoculum_pellet_t0	-5.47864328391149	0.0137610237424121	italic('rpsD')
RS11665	thrS	knockdown	mouse_plated_10x_inoculum_dilution - inoculum_pellet_t0	-4.01931110865136	0.0140668581483567	italic('thrS')
RS16790	lpxH	knockdown	mouse_plated_10x_inoculum_dilution - inoculum_pellet_t0	-3.50719666520979	0.0145078310638576	italic('lpxH')
RS06990	ispF	knockdown	mouse_plated_10x_inoculum_dilution - inoculum_pellet_t0	-2.86540610554839	0.014755590454253	italic('ispF')
RS25655	nusA	knockdown	mouse_plated_10x_inoculum_dilution - inoculum_pellet_t0	-6.88291959922824	0.0153019944432386	italic('nusA')
RS03040	folB	knockdown	mouse_plated_10x_inoculum_dilution - inoculum_pellet_t0	-3.30386297751417	0.0156055924794095	italic('folB')
RS26230	fis	knockdown	mouse_plated_10x_inoculum_dilution - inoculum_pellet_t0	-14.6204034871947	0.0171816727495318	italic('fis')
RS07500	pyrC	knockdown	mouse_plated_10x_inoculum_dilution - inoculum_pellet_t0	-4.53785970734996	0.0173149900742481	italic('pyrC')
RS06865	uppS	knockdown	mouse_plated_10x_inoculum_dilution - inoculum_pellet_t0	-6.33392720236097	0.0174476972628187	italic('uppS')
RS02025	thiG	knockdown	mouse_plated_10x_inoculum_dilution - inoculum_pellet_t0	-4.23766794774366	0.018110234018378	italic('thiG')
RS04635	thiL	knockdown	mouse_plated_10x_inoculum_dilution - inoculum_pellet_t0	-1.66800523263305	0.0181788826452151	italic('thiL')
RS08070	fpr	knockdown	mouse_plated_10x_inoculum_dilution - inoculum_pellet_t0	-1.47489763278999	0.0190443935249387	italic('fpr')
RS27315	hisI	knockdown	mouse_plated_10x_inoculum_dilution - inoculum_pellet_t0	-2.33187578597256	0.019584190637553	italic('hisI')
RS28455	glnK	knockdown	mouse_plated_10x_inoculum_dilution - inoculum_pellet_t0	-2.49303081917518	0.0226262391152071	italic('glnK')
RS25630	pnp	knockdown	mouse_plated_10x_inoculum_dilution - inoculum_pellet_t0	-5.39966695722918	0.0239064220053767	italic('pnp')
RS23245	groES	knockdown	mouse_plated_10x_inoculum_dilution - inoculum_pellet_t0	-8.06816442914106	0.0276000973250063	italic('groES')
RS25700	rlmE	knockdown	mouse_plated_10x_inoculum_dilution - inoculum_pellet_t0	-4.66158689199007	0.0283635885954504	italic('rlmE')
RS10410	fabG	knockdown	mouse_plated_10x_inoculum_dilution - inoculum_pellet_t0	-2.6744758051809	0.0294813679557065	italic('fabG')
RS16775	cysS	knockdown	mouse_plated_10x_inoculum_dilution - inoculum_pellet_t0	-5.63994775117235	0.0300365482544	italic('cysS')
RS23600	kdsD	knockdown	mouse_plated_10x_inoculum_dilution - inoculum_pellet_t0	-10.5043213589904	0.0304241605012827	italic('kdsD')
RS10365	rne	knockdown	mouse_plated_10x_inoculum_dilution - inoculum_pellet_t0	-3.63435317651572	0.0310242152252992	italic('rne')
RS05875	iscS	knockdown	mouse_plated_10x_inoculum_dilution - inoculum_pellet_t0	-9.43933792260366	0.0327206396566722	italic('iscS')
RS18030	ccoN	knockdown	mouse_plated_10x_inoculum_dilution - inoculum_pellet_t0	-1.97348736229853	0.0328890845714738	italic('ccoN')
RS02135	pyrB	knockdown	mouse_plated_10x_inoculum_dilution - inoculum_pellet_t0	-5.97975473670098	0.0341592706143076	italic('pyrB')
RS28310	hemC	knockdown	mouse_plated_10x_inoculum_dilution - inoculum_pellet_t0	-5.31734802805801	0.0353953508520918	italic('hemC')
RS01755	rpiA	knockdown	mouse_plated_10x_inoculum_dilution - inoculum_pellet_t0	-3.50908356944153	0.0361413031306149	italic('rpiA')
RS24655	ileS	knockdown	mouse_plated_10x_inoculum_dilution - inoculum_pellet_t0	-10.5894339814181	0.036526527653115	italic('ileS')
RS04790	mpl	knockdown	mouse_plated_10x_inoculum_dilution - inoculum_pellet_t0	-4.08494395479394	0.0369203808911374	italic('mpl')
RS06930	accA	knockdown	mouse_plated_10x_inoculum_dilution - inoculum_pellet_t0	-7.96409084304886	0.0374183512807949	italic('accA')
RS24875	glyA	knockdown	mouse_plated_10x_inoculum_dilution - inoculum_pellet_t0	-8.04229010406608	0.0385869165922548	italic('glyA')
RS24700	ispB	knockdown	mouse_plated_10x_inoculum_dilution - inoculum_pellet_t0	-2.40478309577656	0.0393185475954203	italic('ispB')
RS23380	ftsW	knockdown	mouse_plated_10x_inoculum_dilution - inoculum_pellet_t0	-3.91963666578923	0.0394976888087046	italic('ftsW')
RS26640	rpsR	knockdown	mouse_plated_10x_inoculum_dilution - inoculum_pellet_t0	-7.16083732827394	0.0400234451116742	italic('rpsR')
RS25405	ilvI	knockdown	mouse_plated_10x_inoculum_dilution - inoculum_pellet_t0	-2.02162372369217	0.0412446179146023	italic('ilvI')
RS01820	thyA	knockdown	mouse_plated_10x_inoculum_dilution - inoculum_pellet_t0	-7.66631957439586	0.0423849314531942	italic('thyA')
RS06105	guaA	knockdown	mouse_plated_10x_inoculum_dilution - inoculum_pellet_t0	-10.6244842188754	0.0428192779386085	italic('guaA')
RS12390	tusC	knockdown	mouse_plated_10x_inoculum_dilution - inoculum_pellet_t0	-5.03880449149924	0.0452286238647632	italic('tusC')
RS03100	surA	knockdown	mouse_plated_10x_inoculum_dilution - inoculum_pellet_t0	-4.98363441509837	0.0468522246989825	italic('surA')
RS05805	lptG	knockdown	mouse_plated_10x_inoculum_dilution - inoculum_pellet_t0	-4.44133584618442	0.0472026450382819	italic('lptG')
RS05935	hisS	knockdown	mouse_plated_10x_inoculum_dilution - inoculum_pellet_t0	-4.92935041852861	0.0489473657611154	italic('hisS')
RS20630	pdxH	knockdown	mouse_plated_10x_inoculum_dilution - inoculum_pellet_t0	-2.40212917935762	0.0498404852191786	italic('pdxH')
RS27010	.	knockdown	mouse_plated_10x_inoculum_dilution - inoculum_pellet_t0	-3.23645274096219	0.0513011847952671	bold('RS27010')
RS23550	hisC	knockdown	mouse_plated_10x_inoculum_dilution - inoculum_pellet_t0	-1.45520019275917	0.0547636750140644	italic('hisC')
RS29510	polA	knockdown	mouse_plated_10x_inoculum_dilution - inoculum_pellet_t0	-2.13285885266547	0.0550269637577112	italic('polA')
RS28220	hemB	knockdown	mouse_plated_10x_inoculum_dilution - inoculum_pellet_t0	-2.11945710668028	0.0564820220241821	italic('hemB')
RS06795	dapD	knockdown	mouse_plated_10x_inoculum_dilution - inoculum_pellet_t0	-2.35160725828132	0.057505551749224	italic('dapD')
RS28800	ubiA	knockdown	mouse_plated_10x_inoculum_dilution - inoculum_pellet_t0	-6.95953738104907	0.0586395260041663	italic('ubiA')
RS25250	pth	knockdown	mouse_plated_10x_inoculum_dilution - inoculum_pellet_t0	-2.32153559299289	0.0606622077693463	italic('pth')
RS06950	eno	knockdown	mouse_plated_10x_inoculum_dilution - inoculum_pellet_t0	-9.55757543909703	0.0609819032398938	italic('eno')
RS29790	glmS	knockdown	mouse_plated_10x_inoculum_dilution - inoculum_pellet_t0	-2.24120882024891	0.064199143637863	italic('glmS')
RS16130	femR	knockdown	mouse_plated_10x_inoculum_dilution - inoculum_pellet_t0	-17.2513454287561	0.0647595228636612	italic('femR')
RS20090	nrdA	knockdown	mouse_plated_10x_inoculum_dilution - inoculum_pellet_t0	-6.81623899172869	0.0690156267290045	italic('nrdA')
RS04735	ppa	knockdown	mouse_plated_10x_inoculum_dilution - inoculum_pellet_t0	-6.04103419683486	0.0695013436028037	italic('ppa')
RS17345	mtnC	knockdown	mouse_plated_10x_inoculum_dilution - inoculum_pellet_t0	-2.74866357741805	0.0703770451757291	italic('mtnC')
RS17850	sucD	knockdown	mouse_plated_10x_inoculum_dilution - inoculum_pellet_t0	-1.94283421051146	0.0720703633836451	italic('sucD')
RS21415	lysC	knockdown	mouse_plated_10x_inoculum_dilution - inoculum_pellet_t0	-2.24542715607732	0.0723365795500215	italic('lysC')
RS03695	rpsK	knockdown	mouse_plated_10x_inoculum_dilution - inoculum_pellet_t0	-4.56359822610567	0.0742316699723769	italic('rpsK')
RS06390	ffh	knockdown	mouse_plated_10x_inoculum_dilution - inoculum_pellet_t0	-1.51905516908477	0.0742316699723769	italic('ffh')
RS22150	rpoE	knockdown	mouse_plated_10x_inoculum_dilution - inoculum_pellet_t0	-6.80914362112602	0.0764006867377474	italic('rpoE')
RS23460	CYC1	knockdown	mouse_plated_10x_inoculum_dilution - inoculum_pellet_t0	-2.31832299532802	0.078947794689024	italic('CYC1')
RS05950	der	knockdown	mouse_plated_10x_inoculum_dilution - inoculum_pellet_t0	-6.10752442705402	0.0794728311018057	italic('der')
RS04855	proA	knockdown	mouse_plated_10x_inoculum_dilution - inoculum_pellet_t0	-2.90992575870539	0.0890918787004699	italic('proA')
RS25635	rpsO	knockdown	mouse_plated_10x_inoculum_dilution - inoculum_pellet_t0	-1.58980356817377	0.0909134016925522	italic('rpsO')
RS06855	pyrH	knockdown	mouse_plated_10x_inoculum_dilution - inoculum_pellet_t0	-0.968432001079085	0.0910241536174224	italic('pyrH')
RS07640	apbC	knockdown	mouse_plated_10x_inoculum_dilution - inoculum_pellet_t0	-2.47527912205489	0.091337406703109	italic('apbC')
RS09675	folC	knockdown	mouse_plated_10x_inoculum_dilution - inoculum_pellet_t0	-3.34378215614353	0.0915335579495448	italic('folC')
RS00095	def	knockdown	mouse_plated_10x_inoculum_dilution - inoculum_pellet_t0	-3.1753713179057	0.0927459688804409	italic('def')
RS03675	rplO	knockdown	mouse_plated_10x_inoculum_dilution - inoculum_pellet_t0	-6.69361272057051	0.0939635247772188	italic('rplO')
RS24680	proB	knockdown	mouse_plated_10x_inoculum_dilution - inoculum_pellet_t0	0.265372935788237	0.0958097934335884	italic('proB')
RS06395	rpsP	knockdown	mouse_plated_10x_inoculum_dilution - inoculum_pellet_t0	-9.07247444503438	0.100573822881798	italic('rpsP')
RS10435	tmk	knockdown	mouse_plated_10x_inoculum_dilution - inoculum_pellet_t0	-5.89589461037205	0.101618018043431	italic('tmk')
RS03690	rpsM	knockdown	mouse_plated_10x_inoculum_dilution - inoculum_pellet_t0	-4.60893598342536	0.104919771020924	italic('rpsM')
RS07495	rnt	knockdown	mouse_plated_10x_inoculum_dilution - inoculum_pellet_t0	-1.57868340795811	0.105350362782201	italic('rnt')
RS03525	rplK	knockdown	mouse_plated_10x_inoculum_dilution - inoculum_pellet_t0	-7.29358145736041	0.108525844413661	italic('rplK')
RS06100	guaB	knockdown	mouse_plated_10x_inoculum_dilution - inoculum_pellet_t0	-4.09241164055283	0.110084920878461	italic('guaB')
RS17885	sdhD	knockdown	mouse_plated_10x_inoculum_dilution - inoculum_pellet_t0	-3.78647244006119	0.110760594604425	italic('sdhD')
RS03380	coq7	knockdown	mouse_plated_10x_inoculum_dilution - inoculum_pellet_t0	-9.00428782446421	0.112625696755436	italic('coq7')
RS04610	ribD	knockdown	mouse_plated_10x_inoculum_dilution - inoculum_pellet_t0	-2.90957003890434	0.116645340962558	italic('ribD')
RS11010	efp	knockdown	mouse_plated_10x_inoculum_dilution - inoculum_pellet_t0	-3.02698342647458	0.117342331365999	italic('efp')
RS27035	waaG	knockdown	mouse_plated_10x_inoculum_dilution - inoculum_pellet_t0	0.302213746332388	0.120144963026932	italic('waaG')
RS03410	hemJ	knockdown	mouse_plated_10x_inoculum_dilution - inoculum_pellet_t0	-1.54783059117424	0.129134712398055	italic('hemJ')
RS03430	erpA	knockdown	mouse_plated_10x_inoculum_dilution - inoculum_pellet_t0	-3.64306888552492	0.129407392413982	italic('erpA')
RS21175	hda	knockdown	mouse_plated_10x_inoculum_dilution - inoculum_pellet_t0	-6.82863717910281	0.133915735622485	italic('hda')
RS23465	CYTB	knockdown	mouse_plated_10x_inoculum_dilution - inoculum_pellet_t0	-1.83723026947934	0.134268954007262	italic('CYTB')
RS09430	hisC	knockdown	mouse_plated_10x_inoculum_dilution - inoculum_pellet_t0	-5.55767036144278	0.141402736726205	italic('hisC')
RS27820	rfbC	knockdown	mouse_plated_10x_inoculum_dilution - inoculum_pellet_t0	-1.47378767491168	0.150205000868822	italic('rfbC')
RS17875	sdhB	knockdown	mouse_plated_10x_inoculum_dilution - inoculum_pellet_t0	-3.0867833943004	0.150764082818879	italic('sdhB')
RS28625	argB	knockdown	mouse_plated_10x_inoculum_dilution - inoculum_pellet_t0	0.468454698997393	0.153013622464608	italic('argB')
RS21090	aspS	knockdown	mouse_plated_10x_inoculum_dilution - inoculum_pellet_t0	-6.77562702343434	0.153931773020025	italic('aspS')
RS26815	parE	knockdown	mouse_plated_10x_inoculum_dilution - inoculum_pellet_t0	-4.37664767873562	0.154401357248399	italic('parE')
RS05910	ndk	knockdown	mouse_plated_10x_inoculum_dilution - inoculum_pellet_t0	-5.05911914276814	0.155324407581245	italic('ndk')
RS04675	ispA	knockdown	mouse_plated_10x_inoculum_dilution - inoculum_pellet_t0	-4.59095537694034	0.155847008824253	italic('ispA')
RS09805	ppnK	knockdown	mouse_plated_10x_inoculum_dilution - inoculum_pellet_t0	-2.21014098984803	0.156412925313987	italic('ppnK')
RS28200	rho	knockdown	mouse_plated_10x_inoculum_dilution - inoculum_pellet_t0	-2.57535879817936	0.156631004994172	italic('rho')
RS23710	mreD	knockdown	mouse_plated_10x_inoculum_dilution - inoculum_pellet_t0	-3.53380545664468	0.15851493081711	italic('mreD')
RS12380	tusE	knockdown	mouse_plated_10x_inoculum_dilution - inoculum_pellet_t0	-0.76678439532305	0.172937566732439	italic('tusE')
RS27870	fabY	knockdown	mouse_plated_10x_inoculum_dilution - inoculum_pellet_t0	-2.19422336788032	0.179111300894949	italic('fabY')
RS22720	recB	knockdown	mouse_plated_10x_inoculum_dilution - inoculum_pellet_t0	-1.16986435293356	0.180471075926422	italic('recB')
RS23625	rpoN	knockdown	mouse_plated_10x_inoculum_dilution - inoculum_pellet_t0	2.42684544888266	0.185458949343223	italic('rpoN')
RS07205	glpD	knockdown	mouse_plated_10x_inoculum_dilution - inoculum_pellet_t0	-3.5577573335827	0.196727502660522	italic('glpD')
RS22095	pdxJ	knockdown	mouse_plated_10x_inoculum_dilution - inoculum_pellet_t0	-1.20636108072032	0.197640967316248	italic('pdxJ')
RS02285	ahcY	knockdown	mouse_plated_10x_inoculum_dilution - inoculum_pellet_t0	-1.68586182738995	0.198507792998611	italic('ahcY')
RS21040	pal	knockdown	mouse_plated_10x_inoculum_dilution - inoculum_pellet_t0	-3.55306258135932	0.203123092599251	italic('pal')
RS18160	ligA	knockdown	mouse_plated_10x_inoculum_dilution - inoculum_pellet_t0	-2.53936200168241	0.216167841134882	italic('ligA')
RS04910	lipA	knockdown	mouse_plated_10x_inoculum_dilution - inoculum_pellet_t0	-2.3518394557154	0.217631679093755	italic('lipA')
RS13230	mexS	knockdown	mouse_plated_10x_inoculum_dilution - inoculum_pellet_t0	-4.44378904932434	0.223617647691389	italic('mexS')
RS25660	rimP	knockdown	mouse_plated_10x_inoculum_dilution - inoculum_pellet_t0	-3.89156863266323	0.231375818996017	italic('rimP')
RS22760	pitA	knockdown	mouse_plated_10x_inoculum_dilution - inoculum_pellet_t0	-2.12528016102177	0.233340962232461	italic('pitA')
RS18685	yfiP	knockdown	mouse_plated_10x_inoculum_dilution - inoculum_pellet_t0	0.535628357511417	0.234576126517821	italic('yfiP')
RS17745	fabA	knockdown	mouse_plated_10x_inoculum_dilution - inoculum_pellet_t0	-3.43522723830057	0.236842927099995	italic('fabA')
RS25735	dapB	knockdown	mouse_plated_10x_inoculum_dilution - inoculum_pellet_t0	-2.43604870006136	0.240297558174626	italic('dapB')
RS27175	aroB	knockdown	mouse_plated_10x_inoculum_dilution - inoculum_pellet_t0	-2.92014322935297	0.240880995130227	italic('aroB')
RS18145	dnaX	knockdown	mouse_plated_10x_inoculum_dilution - inoculum_pellet_t0	-7.14166630282407	0.247674471708467	italic('dnaX')
RS23620	lptB	knockdown	mouse_plated_10x_inoculum_dilution - inoculum_pellet_t0	-3.98901154064015	0.255696986155233	italic('lptB')
RS05770	valS	knockdown	mouse_plated_10x_inoculum_dilution - inoculum_pellet_t0	-3.99380308141517	0.26276808059508	italic('valS')
RS23970	coaE	knockdown	mouse_plated_10x_inoculum_dilution - inoculum_pellet_t0	-2.72569726825618	0.264216436262991	italic('coaE')
RS02630	bioC	knockdown	mouse_plated_10x_inoculum_dilution - inoculum_pellet_t0	-1.75311430396684	0.264585908670333	italic('bioC')
RS22715	recD	knockdown	mouse_plated_10x_inoculum_dilution - inoculum_pellet_t0	-2.57136513027692	0.266208358193867	italic('recD')
RS16200	qscR	knockdown	mouse_plated_10x_inoculum_dilution - inoculum_pellet_t0	-0.468399546635037	0.270559836335186	italic('qscR')
RS26800	parC	knockdown	mouse_plated_10x_inoculum_dilution - inoculum_pellet_t0	-0.227230490832596	0.278178759381352	italic('parC')
RS10440	holB	knockdown	mouse_plated_10x_inoculum_dilution - inoculum_pellet_t0	0.315012483218314	0.27818716598406	italic('holB')
RS22110	rnc	knockdown	mouse_plated_10x_inoculum_dilution - inoculum_pellet_t0	-1.09541576762795	0.278553481822417	italic('rnc')
RS25400	ilvN	knockdown	mouse_plated_10x_inoculum_dilution - inoculum_pellet_t0	-0.939886180995662	0.281623086981898	italic('ilvN')
RS10315	lolE	knockdown	mouse_plated_10x_inoculum_dilution - inoculum_pellet_t0	-3.56674736645679	0.291622014679491	italic('lolE')
RS04945	holA	knockdown	mouse_plated_10x_inoculum_dilution - inoculum_pellet_t0	-2.24579694767828	0.292253570027383	italic('holA')
RS13560	pvdG	knockdown	mouse_plated_10x_inoculum_dilution - inoculum_pellet_t0	-0.258409739750742	0.292837024408251	italic('pvdG')
RS25690	folP	knockdown	mouse_plated_10x_inoculum_dilution - inoculum_pellet_t0	-3.36287097750398	0.293854271685927	italic('folP')
RS11685	pheS	knockdown	mouse_plated_10x_inoculum_dilution - inoculum_pellet_t0	-2.67682883058282	0.305924251034131	italic('pheS')
RS16815	acnB	knockdown	mouse_plated_10x_inoculum_dilution - inoculum_pellet_t0	-1.11920366232313	0.311805301472371	italic('acnB')
RS28305	hemD	knockdown	mouse_plated_10x_inoculum_dilution - inoculum_pellet_t0	-0.797728880228698	0.313415040582334	italic('hemD')
RS26945	.	knockdown	mouse_plated_10x_inoculum_dilution - inoculum_pellet_t0	-4.60714010669829	0.313597391531686	bold('RS26945')
RS02615	bioB	knockdown	mouse_plated_10x_inoculum_dilution - inoculum_pellet_t0	-2.29173207421598	0.320221155239694	italic('bioB')
RS09340	zwf	knockdown	mouse_plated_10x_inoculum_dilution - inoculum_pellet_t0	-1.53444541576396	0.329070068540341	italic('zwf')
RS21050	tolA	knockdown	mouse_plated_10x_inoculum_dilution - inoculum_pellet_t0	-1.06927527007357	0.333282603608028	italic('tolA')
RS23315	mutT	knockdown	mouse_plated_10x_inoculum_dilution - inoculum_pellet_t0	0.150422477989133	0.334206039270524	italic('mutT')
RS27700	hisB	knockdown	mouse_plated_10x_inoculum_dilution - inoculum_pellet_t0	-0.537049152045868	0.334966308931725	italic('hisB')
RS03030	tsaD	knockdown	mouse_plated_10x_inoculum_dilution - inoculum_pellet_t0	-3.84790980148835	0.338965808551699	italic('tsaD')
RS22725	recC	knockdown	mouse_plated_10x_inoculum_dilution - inoculum_pellet_t0	-4.49817223389463	0.339109699729386	italic('recC')
RS28025	argA	knockdown	mouse_plated_10x_inoculum_dilution - inoculum_pellet_t0	0.318900385369414	0.339160024446109	italic('argA')
RS03545	rpoB	knockdown	mouse_plated_10x_inoculum_dilution - inoculum_pellet_t0	-0.289180248796922	0.349187576865486	italic('rpoB')
RS10495	fabV	knockdown	mouse_plated_10x_inoculum_dilution - inoculum_pellet_t0	-3.78183382448357	0.355413363767279	italic('fabV')
RS06875	ispC	knockdown	mouse_plated_10x_inoculum_dilution - inoculum_pellet_t0	-6.10792442222429	0.364684397803159	italic('ispC')
RS29220	pycR	knockdown	mouse_plated_10x_inoculum_dilution - inoculum_pellet_t0	0.417008258209638	0.370256743400895	italic('pycR')
RS20045	pcpS	knockdown	mouse_plated_10x_inoculum_dilution - inoculum_pellet_t0	-2.5582698008605	0.375443484329235	italic('pcpS')
RS12345	ftsK	knockdown	mouse_plated_10x_inoculum_dilution - inoculum_pellet_t0	-1.13382592310823	0.381569595853634	italic('ftsK')
RS29215	accC	knockdown	mouse_plated_10x_inoculum_dilution - inoculum_pellet_t0	-0.375943447261152	0.390945519318342	italic('accC')
RS21055	tolR	knockdown	mouse_plated_10x_inoculum_dilution - inoculum_pellet_t0	-5.29925189071499	0.395182067864078	italic('tolR')
RS25745	dnaK	knockdown	mouse_plated_10x_inoculum_dilution - inoculum_pellet_t0	0.0032245238157889	0.400020189692238	italic('dnaK')
RS29880	mnmE	knockdown	mouse_plated_10x_inoculum_dilution - inoculum_pellet_t0	-1.22755415089133	0.400356004051127	italic('mnmE')
RS14085	gapB	knockdown	mouse_plated_10x_inoculum_dilution - inoculum_pellet_t0	-0.863007566764808	0.40258230584943	italic('gapB')
RS23735	gatB	knockdown	mouse_plated_10x_inoculum_dilution - inoculum_pellet_t0	0.876923882566116	0.403149356357381	italic('gatB')
RS00125	aroE	knockdown	mouse_plated_10x_inoculum_dilution - inoculum_pellet_t0	-3.10365556153522	0.407014333613637	italic('aroE')
RS24650	lspA	knockdown	mouse_plated_10x_inoculum_dilution - inoculum_pellet_t0	-2.6898029461321	0.413482190719098	italic('lspA')
RS23510	trpS	knockdown	mouse_plated_10x_inoculum_dilution - inoculum_pellet_t0	-2.97686428965199	0.415787737653365	italic('trpS')
RS25760	fur	knockdown	mouse_plated_10x_inoculum_dilution - inoculum_pellet_t0	0.476456287616599	0.432294904751877	italic('fur')
RS10185	topA	knockdown	mouse_plated_10x_inoculum_dilution - inoculum_pellet_t0	0.744089780157621	0.432650268341121	italic('topA')
RS12815	lecA	knockdown	mouse_plated_10x_inoculum_dilution - inoculum_pellet_t0	0.0701593134275979	0.435285490272706	italic('lecA')
RS25730	carA	knockdown	mouse_plated_10x_inoculum_dilution - inoculum_pellet_t0	-2.02348077050568	0.444161164497624	italic('carA')
RS17855	sucC	knockdown	mouse_plated_10x_inoculum_dilution - inoculum_pellet_t0	-1.98664445443205	0.451894132017438	italic('sucC')
RS22570	""	knockdown	mouse_plated_10x_inoculum_dilution - inoculum_pellet_t0	-0.285614231101099	0.456162471092682	italic('')
RS06405	trmD	knockdown	mouse_plated_10x_inoculum_dilution - inoculum_pellet_t0	-2.58896412026713	0.458603480842256	italic('trmD')
RS17895	gltA	knockdown	mouse_plated_10x_inoculum_dilution - inoculum_pellet_t0	-2.45720787762901	0.469632216016839	italic('gltA')
RS27260	.	knockdown	mouse_plated_10x_inoculum_dilution - inoculum_pellet_t0	-1.13421055916001	0.47159919623529	bold('RS27260')
RS29805	glmU	knockdown	mouse_plated_10x_inoculum_dilution - inoculum_pellet_t0	-0.650603771959081	0.472540704357977	italic('glmU')
RS27635	gpmI	knockdown	mouse_plated_10x_inoculum_dilution - inoculum_pellet_t0	-1.87861769112858	0.472698828118191	italic('gpmI')
RS09640	leuB	knockdown	mouse_plated_10x_inoculum_dilution - inoculum_pellet_t0	-0.949163226719359	0.473805499027057	italic('leuB')
RS14970	mgtC	knockdown	mouse_plated_10x_inoculum_dilution - inoculum_pellet_t0	-1.12657623603839	0.500370104101911	italic('mgtC')
RS02070	metX	knockdown	mouse_plated_10x_inoculum_dilution - inoculum_pellet_t0	-0.724029135414649	0.507310732743247	italic('metX')
RS00005	dnaA	knockdown	mouse_plated_10x_inoculum_dilution - inoculum_pellet_t0	5.97093179474819	0.509713487079375	italic('dnaA')
RS12395	tusD	knockdown	mouse_plated_10x_inoculum_dilution - inoculum_pellet_t0	-5.4405941587792	0.511246075519022	italic('tusD')
RS04875	mrdA	knockdown	mouse_plated_10x_inoculum_dilution - inoculum_pellet_t0	-3.70861654753281	0.513971907843446	italic('mrdA')
RS09985	pyrD	knockdown	mouse_plated_10x_inoculum_dilution - inoculum_pellet_t0	-0.654597833443917	0.518344112669075	italic('pyrD')
RS18400	ccmH	knockdown	mouse_plated_10x_inoculum_dilution - inoculum_pellet_t0	-0.743038645614028	0.51913963155999	italic('ccmH')
RS06895	lpxD	knockdown	mouse_plated_10x_inoculum_dilution - inoculum_pellet_t0	0.0983654866230007	0.52482344417349	italic('lpxD')
RS17890	sdhC	knockdown	mouse_plated_10x_inoculum_dilution - inoculum_pellet_t0	-3.42387547020182	0.527217119947571	italic('sdhC')
RS08905	minC	knockdown	mouse_plated_10x_inoculum_dilution - inoculum_pellet_t0	-1.04734071307572	0.527264733853428	italic('minC')
RS06285	tadA	knockdown	mouse_plated_10x_inoculum_dilution - inoculum_pellet_t0	-1.29362566283678	0.533367861247699	italic('tadA')
RS02065	metW	knockdown	mouse_plated_10x_inoculum_dilution - inoculum_pellet_t0	-0.687951712488902	0.534557913431157	italic('metW')
RS28690	gmk	knockdown	mouse_plated_10x_inoculum_dilution - inoculum_pellet_t0	-3.51542803087383	0.541478944180074	italic('gmk')
RS06610	wspF	knockdown	mouse_plated_10x_inoculum_dilution - inoculum_pellet_t0	-0.862335954937052	0.545247110099363	italic('wspF')
RS17880	sdhA	knockdown	mouse_plated_10x_inoculum_dilution - inoculum_pellet_t0	-3.29874973128679	0.545406256503276	italic('sdhA')
RS27685	hisA	knockdown	mouse_plated_10x_inoculum_dilution - inoculum_pellet_t0	-1.17758290998743	0.553539636717045	italic('hisA')
RS04880	rodA	knockdown	mouse_plated_10x_inoculum_dilution - inoculum_pellet_t0	-3.8085778125886	0.554685052709867	italic('rodA')
RS27235	priA	knockdown	mouse_plated_10x_inoculum_dilution - inoculum_pellet_t0	-2.08879383347294	0.554879160887927	italic('priA')
RS05010	thiE	knockdown	mouse_plated_10x_inoculum_dilution - inoculum_pellet_t0	-2.37474075496199	0.556101414627283	italic('thiE')
RS01925	fdx1	knockdown	mouse_plated_10x_inoculum_dilution - inoculum_pellet_t0	-1.31753944565825	0.561595033796443	italic('fdx1')
RS08900	minD	knockdown	mouse_plated_10x_inoculum_dilution - inoculum_pellet_t0	-3.07763831589371	0.565041135438774	italic('minD')
RS03550	rpoC	knockdown	mouse_plated_10x_inoculum_dilution - inoculum_pellet_t0	2.2573383379105	0.565396567566204	italic('rpoC')
RS04950	lptE	knockdown	mouse_plated_10x_inoculum_dilution - inoculum_pellet_t0	-1.24852071172585	0.572006058309414	italic('lptE')
RS29700	tonB1	knockdown	mouse_plated_10x_inoculum_dilution - inoculum_pellet_t0	-0.81514800767555	0.57250611648508	italic('tonB1')
RS25290	.	knockdown	mouse_plated_10x_inoculum_dilution - inoculum_pellet_t0	0.70096864339923	0.583419346538736	bold('RS25290')
RS22970	fumA	knockdown	mouse_plated_10x_inoculum_dilution - inoculum_pellet_t0	-2.04956219395146	0.584682629509753	italic('fumA')
RS00010	dnaN	knockdown	mouse_plated_10x_inoculum_dilution - inoculum_pellet_t0	-2.91999892135883	0.591111947803827	italic('dnaN')
RS02880	pgk	knockdown	mouse_plated_10x_inoculum_dilution - inoculum_pellet_t0	-0.3255700396728	0.59213269348671	italic('pgk')
RS07450	argF	knockdown	mouse_plated_10x_inoculum_dilution - inoculum_pellet_t0	-0.274434942538816	0.600114129794788	italic('argF')
RS00020	gyrB	knockdown	mouse_plated_10x_inoculum_dilution - inoculum_pellet_t0	-0.998850876972646	0.603195699201679	italic('gyrB')
RS09670	accD	knockdown	mouse_plated_10x_inoculum_dilution - inoculum_pellet_t0	-3.06008141577794	0.604229993155328	italic('accD')
RS03520	nusG	knockdown	mouse_plated_10x_inoculum_dilution - inoculum_pellet_t0	-3.35371470659114	0.619182366057559	italic('nusG')
RS23400	murE	knockdown	mouse_plated_10x_inoculum_dilution - inoculum_pellet_t0	-2.54230933339122	0.623784809175821	italic('murE')
RS09425	pheA	knockdown	mouse_plated_10x_inoculum_dilution - inoculum_pellet_t0	-1.50990267341737	0.626198131160208	italic('pheA')
RS00045	glyQ	knockdown	mouse_plated_10x_inoculum_dilution - inoculum_pellet_t0	-0.722379867445199	0.627860315316494	italic('glyQ')
RS02090	proC	knockdown	mouse_plated_10x_inoculum_dilution - inoculum_pellet_t0	-0.548101558503331	0.627878208549902	italic('proC')
RS03530	rplA	knockdown	mouse_plated_10x_inoculum_dilution - inoculum_pellet_t0	-0.251351459689062	0.628212461979867	italic('rplA')
RS10480	ETFDH	knockdown	mouse_plated_10x_inoculum_dilution - inoculum_pellet_t0	-1.43950633459891	0.632420877834395	italic('ETFDH')
RS06440	hom	knockdown	mouse_plated_10x_inoculum_dilution - inoculum_pellet_t0	-1.23985366426779	0.633496513297313	italic('hom')
RS09415	gyrA	knockdown	mouse_plated_10x_inoculum_dilution - inoculum_pellet_t0	-0.721193901388696	0.642872033935299	italic('gyrA')
RS26720	tsaE	knockdown	mouse_plated_10x_inoculum_dilution - inoculum_pellet_t0	-2.83175142329241	0.64401939551719	italic('tsaE')
RS00090	fmt	knockdown	mouse_plated_10x_inoculum_dilution - inoculum_pellet_t0	-2.79694548742723	0.649471483117327	italic('fmt')
RS23440	diaA	knockdown	mouse_plated_10x_inoculum_dilution - inoculum_pellet_t0	-2.66867825094418	0.650035791128619	italic('diaA')
RS26780	serB	knockdown	mouse_plated_10x_inoculum_dilution - inoculum_pellet_t0	-3.04087330974189	0.650035791128619	italic('serB')
RS02860	tkt	knockdown	mouse_plated_10x_inoculum_dilution - inoculum_pellet_t0	-0.893355140927308	0.651327754983876	italic('tkt')
RS18255	.	knockdown	mouse_plated_10x_inoculum_dilution - inoculum_pellet_t0	0.116816959731683	0.651696054042077	bold('RS18255')
RS01985	ftsY	knockdown	mouse_plated_10x_inoculum_dilution - inoculum_pellet_t0	-2.67991596814103	0.651819859040445	italic('ftsY')
RS25695	ftsH	knockdown	mouse_plated_10x_inoculum_dilution - inoculum_pellet_t0	1.80153085909288	0.652219313549843	italic('ftsH')
RS17865	odhB	knockdown	mouse_plated_10x_inoculum_dilution - inoculum_pellet_t0	-1.98140583299679	0.659103717164797	italic('odhB')
RS29210	oadA	knockdown	mouse_plated_10x_inoculum_dilution - inoculum_pellet_t0	0.00180702354169579	0.661956540368299	italic('oadA')
RS01860	folA	knockdown	mouse_plated_10x_inoculum_dilution - inoculum_pellet_t0	-2.24207910022125	0.664405405487428	italic('folA')
RS09435	.	knockdown	mouse_plated_10x_inoculum_dilution - inoculum_pellet_t0	-2.29082581234466	0.670332669808319	bold('RS09435')
RS12365	cysG	knockdown	mouse_plated_10x_inoculum_dilution - inoculum_pellet_t0	-1.18824409332877	0.670453848979398	italic('cysG')
RS01815	lgt	knockdown	mouse_plated_10x_inoculum_dilution - inoculum_pellet_t0	-1.87772740651164	0.671923419782442	italic('lgt')
RS10490	etfA	knockdown	mouse_plated_10x_inoculum_dilution - inoculum_pellet_t0	-3.27575301526453	0.67268104951614	italic('etfA')
RS10485	etfB	knockdown	mouse_plated_10x_inoculum_dilution - inoculum_pellet_t0	-2.93844264014512	0.677671264562541	italic('etfB')
RS10010	evgA	knockdown	mouse_plated_10x_inoculum_dilution - inoculum_pellet_t0	0.172050938764019	0.677841552793873	italic('evgA')
RS04905	lipB	knockdown	mouse_plated_10x_inoculum_dilution - inoculum_pellet_t0	-0.745137076051521	0.678938187606537	italic('lipB')
RS03095	pdxA	knockdown	mouse_plated_10x_inoculum_dilution - inoculum_pellet_t0	-1.93856612251861	0.680907960453629	italic('pdxA')
RS00040	glyS	knockdown	mouse_plated_10x_inoculum_dilution - inoculum_pellet_t0	-2.38106822870474	0.680997818511149	italic('glyS')
RS17365	aroC	knockdown	mouse_plated_10x_inoculum_dilution - inoculum_pellet_t0	-1.79657029496575	0.685182938023441	italic('aroC')
RS27180	aroK	knockdown	mouse_plated_10x_inoculum_dilution - inoculum_pellet_t0	-1.86683034862962	0.699352692405246	italic('aroK')
RS05985	leuA	knockdown	mouse_plated_10x_inoculum_dilution - inoculum_pellet_t0	-0.325211924467727	0.699952015788797	italic('leuA')
RS23355	ftsA	knockdown	mouse_plated_10x_inoculum_dilution - inoculum_pellet_t0	1.67919300458974	0.700068442536954	italic('ftsA')
RS03480	coaX	knockdown	mouse_plated_10x_inoculum_dilution - inoculum_pellet_t0	-1.70171812848681	0.700603352806541	italic('coaX')
RS23635	ptsN	knockdown	mouse_plated_10x_inoculum_dilution - inoculum_pellet_t0	-1.84099250018571	0.70247559703738	italic('ptsN')
RS18865	pdxB	knockdown	mouse_plated_10x_inoculum_dilution - inoculum_pellet_t0	-1.71207258652642	0.705758476796393	italic('pdxB')
RS25570	folK	knockdown	mouse_plated_10x_inoculum_dilution - inoculum_pellet_t0	0.0326915354120294	0.71348919714018	italic('folK')
RS03650	rpsH	knockdown	mouse_plated_10x_inoculum_dilution - inoculum_pellet_t0	0.985749468597799	0.723193000436129	italic('rpsH')
RS28615	dut	knockdown	mouse_plated_10x_inoculum_dilution - inoculum_pellet_t0	-1.00397783429723	0.733711409524486	italic('dut')
RS26195	aroQ	knockdown	mouse_plated_10x_inoculum_dilution - inoculum_pellet_t0	-1.13754010295401	0.743053558942272	italic('aroQ')
RS03590	rplW	knockdown	mouse_plated_10x_inoculum_dilution - inoculum_pellet_t0	-2.17872213333954	0.745081781860206	italic('rplW')
RS23385	murD	knockdown	mouse_plated_10x_inoculum_dilution - inoculum_pellet_t0	0.947927127613503	0.74782065666687	italic('murD')
RS21045	tolB	knockdown	mouse_plated_10x_inoculum_dilution - inoculum_pellet_t0	-1.69448939370705	0.761263036199695	italic('tolB')
RS23935	nadC	knockdown	mouse_plated_10x_inoculum_dilution - inoculum_pellet_t0	-1.69081013287405	0.764993891470663	italic('nadC')
RS28610	coaBC	knockdown	mouse_plated_10x_inoculum_dilution - inoculum_pellet_t0	-1.12021523989101	0.766579511481972	italic('coaBC')
RS29160	purK	knockdown	mouse_plated_10x_inoculum_dilution - inoculum_pellet_t0	-1.31062088866548	0.766740812412012	italic('purK')
RS06900	fabZ	knockdown	mouse_plated_10x_inoculum_dilution - inoculum_pellet_t0	0.821449206640569	0.767969927970272	italic('fabZ')
RS18260	.	knockdown	mouse_plated_10x_inoculum_dilution - inoculum_pellet_t0	-0.036861300534428	0.775799347886374	bold('RS18260')
RS06885	bamA	knockdown	mouse_plated_10x_inoculum_dilution - inoculum_pellet_t0	-1.82268023168229	0.779530644650134	italic('bamA')
RS09345	pgl	knockdown	mouse_plated_10x_inoculum_dilution - inoculum_pellet_t0	-1.36292131592418	0.779788717723751	italic('pgl')
RS26675	hisX	knockdown	mouse_plated_10x_inoculum_dilution - inoculum_pellet_t0	-6.77950415646886	0.780529833279655	italic('hisX')
RS15605	mexX	knockdown	mouse_plated_10x_inoculum_dilution - inoculum_pellet_t0	-3.1140098465471	0.784548384186062	italic('mexX')
RS27025	waaX	knockdown	mouse_plated_10x_inoculum_dilution - inoculum_pellet_t0	-0.966698785722472	0.790625944175965	italic('waaX')
RS01875	ilvD	knockdown	mouse_plated_10x_inoculum_dilution - inoculum_pellet_t0	-0.822067760149218	0.797267557970258	italic('ilvD')
RS27060	aceE	knockdown	mouse_plated_10x_inoculum_dilution - inoculum_pellet_t0	0.187070316714123	0.79983053459485	italic('aceE')
RS00185	trpB	knockdown	mouse_plated_10x_inoculum_dilution - inoculum_pellet_t0	-0.592233371667103	0.801243441670063	italic('trpB')
RS00180	trpA	knockdown	mouse_plated_10x_inoculum_dilution - inoculum_pellet_t0	0.295447603962757	0.809650758903433	italic('trpA')
RS03660	rplR	knockdown	mouse_plated_10x_inoculum_dilution - inoculum_pellet_t0	0.967668184189065	0.815353787377828	italic('rplR')
RS09625	leuC	knockdown	mouse_plated_10x_inoculum_dilution - inoculum_pellet_t0	-1.88475750318963	0.816367045101943	italic('leuC')
RS26700	hfq	knockdown	mouse_plated_10x_inoculum_dilution - inoculum_pellet_t0	-1.54241543334479	0.81656114202929	italic('hfq')
RS28595	rpmB	knockdown	mouse_plated_10x_inoculum_dilution - inoculum_pellet_t0	-1.49897051861433	0.817392124929799	italic('rpmB')
RS05890	hscB	knockdown	mouse_plated_10x_inoculum_dilution - inoculum_pellet_t0	-1.54778608681516	0.818546383110287	italic('hscB')
RS25160	hemH	knockdown	mouse_plated_10x_inoculum_dilution - inoculum_pellet_t0	0.738848209127227	0.830388963178939	italic('hemH')
RS17750	fabB	knockdown	mouse_plated_10x_inoculum_dilution - inoculum_pellet_t0	-0.798040009357267	0.830455705593838	italic('fabB')
RS05005	hemL	knockdown	mouse_plated_10x_inoculum_dilution - inoculum_pellet_t0	-0.136148532664536	0.830533545030611	italic('hemL')
RS12925	ACADM	knockdown	mouse_plated_10x_inoculum_dilution - inoculum_pellet_t0	-0.00612097119526747	0.832517417754587	italic('ACADM')
RS25390	pssA	knockdown	mouse_plated_10x_inoculum_dilution - inoculum_pellet_t0	0.703640391939007	0.832677614232884	italic('pssA')
RS06910	lpxB	knockdown	mouse_plated_10x_inoculum_dilution - inoculum_pellet_t0	-1.34924654048827	0.833968477952907	italic('lpxB')
RS23405	ftsI	knockdown	mouse_plated_10x_inoculum_dilution - inoculum_pellet_t0	0.63660036112355	0.836546376408974	italic('ftsI')
RS26200	accB	knockdown	mouse_plated_10x_inoculum_dilution - inoculum_pellet_t0	-1.8071312989122	0.83958226228619	italic('accB')
RS23360	ftsQ	knockdown	mouse_plated_10x_inoculum_dilution - inoculum_pellet_t0	1.2674138338307	0.841113149891844	italic('ftsQ')
RS09350	eda	knockdown	mouse_plated_10x_inoculum_dilution - inoculum_pellet_t0	-0.123883106697552	0.842229381173664	italic('eda')
RS25230	ispE	knockdown	mouse_plated_10x_inoculum_dilution - inoculum_pellet_t0	-0.757241382704641	0.84591321505904	italic('ispE')
RS09630	leuD	knockdown	mouse_plated_10x_inoculum_dilution - inoculum_pellet_t0	-0.381877321834733	0.848699754804809	italic('leuD')
RS20060	dapE	knockdown	mouse_plated_10x_inoculum_dilution - inoculum_pellet_t0	-2.12605360790728	0.851656457382107	italic('dapE')
RS21125	proS	knockdown	mouse_plated_10x_inoculum_dilution - inoculum_pellet_t0	-0.592003482858796	0.852420097275365	italic('proS')
RS02225	bioA	knockdown	mouse_plated_10x_inoculum_dilution - inoculum_pellet_t0	-2.08393241798894	0.858950304661897	italic('bioA')
RS23480	rplM	knockdown	mouse_plated_10x_inoculum_dilution - inoculum_pellet_t0	0.491040486191693	0.867515259751926	italic('rplM')
RS03625	rpsQ	knockdown	mouse_plated_10x_inoculum_dilution - inoculum_pellet_t0	-1.38029561064097	0.870489364559045	italic('rpsQ')
RS12145	.	knockdown	mouse_plated_10x_inoculum_dilution - inoculum_pellet_t0	-1.83963572842262	0.870901118940019	bold('RS12145')
RS25065	.	knockdown	mouse_plated_10x_inoculum_dilution - inoculum_pellet_t0	-0.751432092756433	0.873133331495594	bold('RS25065')
RS23345	lpxC	knockdown	mouse_plated_10x_inoculum_dilution - inoculum_pellet_t0	-2.0412772155405	0.873975489867564	italic('lpxC')
RS21520	.	knockdown	mouse_plated_10x_inoculum_dilution - inoculum_pellet_t0	0.339484551980816	0.874706659895704	bold('RS21520')
RS09515	tyrB	knockdown	mouse_plated_10x_inoculum_dilution - inoculum_pellet_t0	-0.616233630031218	0.878366268990726	italic('tyrB')
RS13110	xylL	knockdown	mouse_plated_10x_inoculum_dilution - inoculum_pellet_t0	-0.596120176459167	0.878505732276723	italic('xylL')
RS21060	tolQ	knockdown	mouse_plated_10x_inoculum_dilution - inoculum_pellet_t0	-1.13586375577639	0.882301979866923	italic('tolQ')
RS29830	atpH	knockdown	mouse_plated_10x_inoculum_dilution - inoculum_pellet_t0	0.314617883024115	0.882301979866923	italic('atpH')
RS28835	phoU	knockdown	mouse_plated_10x_inoculum_dilution - inoculum_pellet_t0	-2.82847497705362	0.885429455158818	italic('phoU')
RS29870	mnmG	knockdown	mouse_plated_10x_inoculum_dilution - inoculum_pellet_t0	-0.99131431386413	0.886114108129084	italic('mnmG')
RS04615	ribC	knockdown	mouse_plated_10x_inoculum_dilution - inoculum_pellet_t0	-0.159793301222854	0.886491620498823	italic('ribC')
RS22775	fppA	knockdown	mouse_plated_10x_inoculum_dilution - inoculum_pellet_t0	0.000297728558497468	0.886870499311554	italic('fppA')
RS03565	fusA	knockdown	mouse_plated_10x_inoculum_dilution - inoculum_pellet_t0	-1.70140003931496	0.890088640665069	italic('fusA')
RS23565	murA	knockdown	mouse_plated_10x_inoculum_dilution - inoculum_pellet_t0	0.299825798274091	0.893587514306736	italic('murA')
RS16780	glnS	knockdown	mouse_plated_10x_inoculum_dilution - inoculum_pellet_t0	-0.0548409825322156	0.896042877031008	italic('glnS')
RS17870	sucA	knockdown	mouse_plated_10x_inoculum_dilution - inoculum_pellet_t0	1.58442036471701	0.898048463318402	italic('sucA')
RS23140	sodB	knockdown	mouse_plated_10x_inoculum_dilution - inoculum_pellet_t0	-2.0032688613823	0.898739315948517	italic('sodB')
RS03615	rplP	knockdown	mouse_plated_10x_inoculum_dilution - inoculum_pellet_t0	0.0808064144180119	0.901791339635899	italic('rplP')
RS23415	rsmH	knockdown	mouse_plated_10x_inoculum_dilution - inoculum_pellet_t0	0.139628751899727	0.904900430694435	italic('rsmH')
RS06620	prfB	knockdown	mouse_plated_10x_inoculum_dilution - inoculum_pellet_t0	0.22154563192292	0.906240708558458	italic('prfB')
RS04475	cupB4	knockdown	mouse_plated_10x_inoculum_dilution - inoculum_pellet_t0	0.0522074504736845	0.906542170424627	italic('cupB4')
RS09665	trpF	knockdown	mouse_plated_10x_inoculum_dilution - inoculum_pellet_t0	-0.651461380524138	0.907459438724727	italic('trpF')
RS00025	plsC	knockdown	mouse_plated_10x_inoculum_dilution - inoculum_pellet_t0	-0.352807033195342	0.907613181396298	italic('plsC')
RS13665	.	knockdown	mouse_plated_10x_inoculum_dilution - inoculum_pellet_t0	-0.629555717247924	0.909187165634185	bold('RS13665')
RS28325	argH	knockdown	mouse_plated_10x_inoculum_dilution - inoculum_pellet_t0	-0.577282493677211	0.909229516925737	italic('argH')
RS26785	.	knockdown	mouse_plated_10x_inoculum_dilution - inoculum_pellet_t0	-0.216637093056487	0.911679892587019	bold('RS26785')
RS28840	pstB	knockdown	mouse_plated_10x_inoculum_dilution - inoculum_pellet_t0	-0.157601712645316	0.912743050642202	italic('pstB')
RS27995	ldcA	knockdown	mouse_plated_10x_inoculum_dilution - inoculum_pellet_t0	-1.66441060578081	0.913702439676293	italic('ldcA')
RS06870	cdsA	knockdown	mouse_plated_10x_inoculum_dilution - inoculum_pellet_t0	-0.26459842454434	0.91484068511556	italic('cdsA')
RS26975	.	knockdown	mouse_plated_10x_inoculum_dilution - inoculum_pellet_t0	0.0238131548212823	0.915085577543552	bold('RS26975')
RS07510	argG	knockdown	mouse_plated_10x_inoculum_dilution - inoculum_pellet_t0	-0.843813896011102	0.915088808951401	italic('argG')
RS05845	secF	knockdown	mouse_plated_10x_inoculum_dilution - inoculum_pellet_t0	-0.976146124754266	0.918423331451935	italic('secF')
RS25240	prs	knockdown	mouse_plated_10x_inoculum_dilution - inoculum_pellet_t0	-1.00701454880922	0.918474951504555	italic('prs')
RS25265	vapI	knockdown	mouse_plated_10x_inoculum_dilution - inoculum_pellet_t0	-1.37316887188025	0.919386349336273	italic('vapI')
RS23340	.	knockdown	mouse_plated_10x_inoculum_dilution - inoculum_pellet_t0	-0.339260995914589	0.9218492865962	bold('RS23340')
RS10175	fadA	knockdown	mouse_plated_10x_inoculum_dilution - inoculum_pellet_t0	-1.35588659914501	0.922395726262975	italic('fadA')
RS13930	.	knockdown	mouse_plated_10x_inoculum_dilution - inoculum_pellet_t0	-2.57631672084602	0.926526309271833	bold('RS13930')
RS23560	hisG	knockdown	mouse_plated_10x_inoculum_dilution - inoculum_pellet_t0	-0.527941625986203	0.928563218213325	italic('hisG')
RS01930	coaD	knockdown	mouse_plated_10x_inoculum_dilution - inoculum_pellet_t0	-0.785921247736939	0.928615889271851	italic('coaD')
RS10335	exbD	knockdown	mouse_plated_10x_inoculum_dilution - inoculum_pellet_t0	-0.451863526479428	0.932763687970602	italic('exbD')
RS06445	thrC	knockdown	mouse_plated_10x_inoculum_dilution - inoculum_pellet_t0	-0.905566530418844	0.933449739214224	italic('thrC')
RS28405	dapF	knockdown	mouse_plated_10x_inoculum_dilution - inoculum_pellet_t0	-0.68126692937756	0.935092499246388	italic('dapF')
RS03415	argC	knockdown	mouse_plated_10x_inoculum_dilution - inoculum_pellet_t0	-0.27974120900198	0.936345213615565	italic('argC')
RS01785	.	knockdown	mouse_plated_10x_inoculum_dilution - inoculum_pellet_t0	-0.855829878864729	0.936611919872609	bold('RS01785')
RS24670	rpsT	knockdown	mouse_plated_10x_inoculum_dilution - inoculum_pellet_t0	-0.850156244206261	0.936623541478723	italic('rpsT')
RS03175	trpE	knockdown	mouse_plated_10x_inoculum_dilution - inoculum_pellet_t0	-0.616853358495472	0.937193527529021	italic('trpE')
RS03555	rpsL	knockdown	mouse_plated_10x_inoculum_dilution - inoculum_pellet_t0	-0.105590600134728	0.941601615245433	italic('rpsL')
RS22130	mucD	knockdown	mouse_plated_10x_inoculum_dilution - inoculum_pellet_t0	-1.29961414118747	0.942623229847384	italic('mucD')
RS27680	hisF	knockdown	mouse_plated_10x_inoculum_dilution - inoculum_pellet_t0	-0.790331973447788	0.943688555802927	italic('hisF')
RS02635	bioD	knockdown	mouse_plated_10x_inoculum_dilution - inoculum_pellet_t0	-0.676260853155109	0.945288407527246	italic('bioD')
RS29815	atpD	knockdown	mouse_plated_10x_inoculum_dilution - inoculum_pellet_t0	0.604205239644938	0.947074552823832	italic('atpD')
RS04970	lnt	knockdown	mouse_plated_10x_inoculum_dilution - inoculum_pellet_t0	0.223818950673256	0.947802687288646	italic('lnt')
RS16985	cysB	knockdown	mouse_plated_10x_inoculum_dilution - inoculum_pellet_t0	-0.418863385573777	0.948535661201523	italic('cysB')
RS10285	sthA	knockdown	mouse_plated_10x_inoculum_dilution - inoculum_pellet_t0	-0.64422811068663	0.949002341686894	italic('sthA')
RS02620	bioF	knockdown	mouse_plated_10x_inoculum_dilution - inoculum_pellet_t0	-0.354882089977285	0.94924112257438	italic('bioF')
RS27245	.	knockdown	mouse_plated_10x_inoculum_dilution - inoculum_pellet_t0	-0.850550951821202	0.95052765255811	bold('RS27245')
RS03355	trpD	knockdown	mouse_plated_10x_inoculum_dilution - inoculum_pellet_t0	-0.892093242854264	0.953049293462075	italic('trpD')
RS10170	fadB	knockdown	mouse_plated_10x_inoculum_dilution - inoculum_pellet_t0	-0.209835568276248	0.953542114647676	italic('fadB')
RS24665	murJ	knockdown	mouse_plated_10x_inoculum_dilution - inoculum_pellet_t0	-0.55000028024558	0.95522501259771	italic('murJ')
RS09695	metZ	knockdown	mouse_plated_10x_inoculum_dilution - inoculum_pellet_t0	-0.193881828299699	0.957290714912167	italic('metZ')
RS06940	pyrG	knockdown	mouse_plated_10x_inoculum_dilution - inoculum_pellet_t0	-0.245422674730338	0.957514592563405	italic('pyrG')
RS03165	rpe	knockdown	mouse_plated_10x_inoculum_dilution - inoculum_pellet_t0	-0.97207413799992	0.960040196719657	italic('rpe')
RS03635	rplX	knockdown	mouse_plated_10x_inoculum_dilution - inoculum_pellet_t0	-1.22466171568993	0.962090248337753	italic('rplX')
RS02000	rpoH	knockdown	mouse_plated_10x_inoculum_dilution - inoculum_pellet_t0	-1.03524731555198	0.966195064400392	italic('rpoH')
RS02260	oprM	knockdown	mouse_plated_10x_inoculum_dilution - inoculum_pellet_t0	-0.246159112249475	0.966220519142945	italic('oprM')
RS09420	serC	knockdown	mouse_plated_10x_inoculum_dilution - inoculum_pellet_t0	0.0427775942595343	0.969065706369319	italic('serC')
RS12360	serS	knockdown	mouse_plated_10x_inoculum_dilution - inoculum_pellet_t0	-0.525711281186434	0.970862116323187	italic('serS')
RS26925	waaA	knockdown	mouse_plated_10x_inoculum_dilution - inoculum_pellet_t0	-0.703520465582059	0.971627870705769	italic('waaA')
RS28110	ubiI	knockdown	mouse_plated_10x_inoculum_dilution - inoculum_pellet_t0	-0.712732227756761	0.972031485992575	italic('ubiI')
RS16975	cysH	knockdown	mouse_plated_10x_inoculum_dilution - inoculum_pellet_t0	-0.929419404383368	0.974601829687781	italic('cysH')
RS04980	ybeY	knockdown	mouse_plated_10x_inoculum_dilution - inoculum_pellet_t0	-0.208082324190897	0.975961740723319	italic('ybeY')
RS27310	ubiB	knockdown	mouse_plated_10x_inoculum_dilution - inoculum_pellet_t0	-0.349551087777965	0.976307990946292	italic('ubiB')
RS25750	grpE	knockdown	mouse_plated_10x_inoculum_dilution - inoculum_pellet_t0	-0.560100893672443	0.976564775158798	italic('grpE')
RS06905	lpxA	knockdown	mouse_plated_10x_inoculum_dilution - inoculum_pellet_t0	-0.615928990005682	0.980408606732104	italic('lpxA')
RS09645	asd	knockdown	mouse_plated_10x_inoculum_dilution - inoculum_pellet_t0	-0.337316063661693	0.984883892263058	italic('asd')
RS11330	rsbU	knockdown	mouse_plated_10x_inoculum_dilution - inoculum_pellet_t0	-0.373567455707515	0.986163518078307	italic('rsbU')
RS16870	sigX	knockdown	mouse_plated_10x_inoculum_dilution - inoculum_pellet_t0	-1.88623061991315	0.986415668933083	italic('sigX')
RS00120	hemF	knockdown	mouse_plated_10x_inoculum_dilution - inoculum_pellet_t0	-0.262827240949676	0.987966965085424	italic('hemF')
RS18060	cadA	knockdown	mouse_plated_10x_inoculum_dilution - inoculum_pellet_t0	-0.491379348327778	0.988583057037719	italic('cadA')
PA3145	wbpL	knockdown	mouse_plated_10x_inoculum_dilution - inoculum_pellet_t0	-0.367152538757654	0.990039684674385	italic('wbpL')
RS25740	dnaJ	knockdown	mouse_plated_10x_inoculum_dilution - inoculum_pellet_t0	-0.44072739991569	0.990415593137139	italic('dnaJ')
RS23555	hisD	knockdown	mouse_plated_10x_inoculum_dilution - inoculum_pellet_t0	-0.70191363318931	0.991361413759244	italic('hisD')
RS11335	rsbW	knockdown	mouse_plated_10x_inoculum_dilution - inoculum_pellet_t0	-0.398618041437063	0.99211389437581	italic('rsbW')
RS26970	msbA	knockdown	mouse_plated_10x_inoculum_dilution - inoculum_pellet_t0	-0.0239472482457467	0.992470454081695	italic('msbA')
RS03360	trpC	knockdown	mouse_plated_10x_inoculum_dilution - inoculum_pellet_t0	-0.33141218575253	0.992735147781602	italic('trpC')
RS27155	hemE	knockdown	mouse_plated_10x_inoculum_dilution - inoculum_pellet_t0	-1.02804332458633	0.994746038650507	italic('hemE')
RS26205	accC	knockdown	mouse_plated_10x_inoculum_dilution - inoculum_pellet_t0	-0.528291092752496	0.995210857899717	italic('accC')
RS25395	ilvC	knockdown	mouse_plated_10x_inoculum_dilution - inoculum_pellet_t0	-0.491580798281771	0.995371565268391	italic('ilvC')
RS03575	rpsJ	knockdown	mouse_plated_10x_inoculum_dilution - inoculum_pellet_t0	-0.462763883273174	0.997510816159956	italic('rpsJ')
RS02275	metF	knockdown	mouse_plated_10x_inoculum_dilution - inoculum_pellet_t0	-0.473641638969608	0.997751342397501	italic('metF')
RS28400	lysA	knockdown	mouse_plated_10x_inoculum_dilution - inoculum_pellet_t0	-0.471219300106898	0.998669258619601	italic('lysA')
control	control	control	mouse_plated_10x_inoculum_dilution - inoculum_pellet_t0	0	1	bold('control')
